pair_1	pair_2	category	coarse_bound_m	final_bound_m	refined	passed
openarm_body_link0	openarm_left_hand	fixed_environment	0.01682862250267125	0.01682862250267125	false	true
openarm_body_link0	openarm_left_left_finger	fixed_environment	0.058609115793605226	0.058609115793605226	false	true
openarm_body_link0	openarm_left_link1	fixed_environment	0.028610591620486937	0.028610591620486937	false	true
openarm_body_link0	openarm_left_link2	fixed_environment	0.03967030896460523	0.03967030896460523	false	true
openarm_body_link0	openarm_left_link3	fixed_environment	0.035756546490450784	0.035756546490450784	false	true
openarm_body_link0	openarm_left_link4	fixed_environment	0.07457469061107797	0.07457469061107797	false	true
openarm_body_link0	openarm_left_link5	fixed_environment	0.07269838332224729	0.07269838332224729	false	true
openarm_body_link0	openarm_left_link6	fixed_environment	0.06900377965692668	0.06900377965692668	false	true
openarm_body_link0	openarm_left_link7	fixed_environment	0.07574771114456186	0.07574771114456186	false	true
openarm_body_link0	openarm_left_right_finger	fixed_environment	0.05898345686304886	0.05898345686304886	false	true
openarm_body_link0	openarm_right_hand	fixed_environment	0.018968853155798934	0.018968853155798934	false	true
openarm_body_link0	openarm_right_left_finger	fixed_environment	0.06064803364174526	0.06064803364174526	false	true
openarm_body_link0	openarm_right_link1	fixed_environment	0.0285898177543713	0.0285898177543713	false	true
openarm_body_link0	openarm_right_link2	fixed_environment	0.039873690404234656	0.039873690404234656	false	true
openarm_body_link0	openarm_right_link3	fixed_environment	0.03597855139390988	0.03597855139390988	false	true
openarm_body_link0	openarm_right_link4	fixed_environment	0.0749761230720088	0.0749761230720088	false	true
openarm_body_link0	openarm_right_link5	fixed_environment	0.0735900090765785	0.0735900090765785	false	true
openarm_body_link0	openarm_right_link6	fixed_environment	0.07104838455052812	0.07104838455052812	false	true
openarm_body_link0	openarm_right_link7	fixed_environment	0.0776884873558804	0.0776884873558804	false	true
openarm_body_link0	openarm_right_right_finger	fixed_environment	0.06052658081875918	0.06052658081875918	false	true
openarm_left_hand	openarm_left_link0	intra_or_fixed	0.4565191478519996	0.4565191478519996	false	true
openarm_left_hand	openarm_left_link1	intra_or_fixed	0.46606373695072933	0.46606373695072933	false	true
openarm_left_hand	openarm_left_link2	intra_or_fixed	0.45088950347146317	0.45088950347146317	false	true
openarm_left_hand	openarm_left_link3	intra_or_fixed	0.276342290083822	0.276342290083822	false	true
openarm_left_hand	openarm_left_link4	intra_or_fixed	0.21021132578172075	0.21021132578172075	false	true
openarm_left_hand	openarm_left_link5	intra_or_fixed	0.08247135190567939	0.08247135190567939	false	true
openarm_left_hand	openarm_left_link6	intra_or_fixed	0.06492636505781081	0.06492636505781081	false	true
openarm_left_hand	openarm_right_hand	interarm	0.09628240281518921	0.09628240281518921	false	true
openarm_left_hand	openarm_right_left_finger	interarm	0.18871935087935732	0.18871935087935732	false	true
openarm_left_hand	openarm_right_link0	interarm	0.47076016665479486	0.47076016665479486	false	true
openarm_left_hand	openarm_right_link1	interarm	0.5006681634527357	0.5006681634527357	false	true
openarm_left_hand	openarm_right_link2	interarm	0.489003115537533	0.489003115537533	false	true
openarm_left_hand	openarm_right_link3	interarm	0.32313739652424295	0.32313739652424295	false	true
openarm_left_hand	openarm_right_link4	interarm	0.2627029205776827	0.2627029205776827	false	true
openarm_left_hand	openarm_right_link5	interarm	0.202972947796309	0.202972947796309	false	true
openarm_left_hand	openarm_right_link6	interarm	0.1723886216576553	0.1723886216576553	false	true
openarm_left_hand	openarm_right_link7	interarm	0.15538721247001547	0.15538721247001547	false	true
openarm_left_hand	openarm_right_right_finger	interarm	0.1476863001162954	0.1476863001162954	false	true
openarm_left_left_finger	openarm_left_link0	intra_or_fixed	0.4608996684385373	0.4608996684385373	false	true
openarm_left_left_finger	openarm_left_link1	intra_or_fixed	0.47116622427405197	0.47116622427405197	false	true
openarm_left_left_finger	openarm_left_link2	intra_or_fixed	0.4558911484432543	0.4558911484432543	false	true
openarm_left_left_finger	openarm_left_link3	intra_or_fixed	0.2819291031075899	0.2819291031075899	false	true
openarm_left_left_finger	openarm_left_link4	intra_or_fixed	0.2156171762724969	0.2156171762724969	false	true
openarm_left_left_finger	openarm_left_link5	intra_or_fixed	0.08870350032035347	0.08870350032035347	false	true
openarm_left_left_finger	openarm_left_link6	intra_or_fixed	0.07109968959470594	0.07109968959470594	false	true
openarm_left_left_finger	openarm_right_hand	interarm	0.14749006839722356	0.14749006839722356	false	true
openarm_left_left_finger	openarm_right_left_finger	interarm	0.2338116394680172	0.2338116394680172	false	true
openarm_left_left_finger	openarm_right_link0	interarm	0.4776357123367562	0.4776357123367562	false	true
openarm_left_left_finger	openarm_right_link1	interarm	0.5136079114197042	0.5136079114197042	false	true
openarm_left_left_finger	openarm_right_link2	interarm	0.5047324955557353	0.5047324955557353	false	true
openarm_left_left_finger	openarm_right_link3	interarm	0.34899906743538095	0.34899906743538095	false	true
openarm_left_left_finger	openarm_right_link4	interarm	0.29333153665291567	0.29333153665291567	false	true
openarm_left_left_finger	openarm_right_link5	interarm	0.2464863879282766	0.2464863879282766	false	true
openarm_left_left_finger	openarm_right_link6	interarm	0.21782390070468213	0.21782390070468213	false	true
openarm_left_left_finger	openarm_right_link7	interarm	0.2067059620145924	0.2067059620145924	false	true
openarm_left_left_finger	openarm_right_right_finger	interarm	0.19749130853423075	0.19749130853423075	false	true
openarm_left_link0	openarm_left_link2	intra_or_fixed	0.009415470210280493	0.010824595389918373	true	true
openarm_left_link0	openarm_left_link3	intra_or_fixed	0.028154893825300783	0.028154893825300783	false	true
openarm_left_link0	openarm_left_link4	intra_or_fixed	0.1363067135397092	0.1363067135397092	false	true
openarm_left_link0	openarm_left_link5	intra_or_fixed	0.25905649572965983	0.25905649572965983	false	true
openarm_left_link0	openarm_left_link6	intra_or_fixed	0.3426335031343942	0.3426335031343942	false	true
openarm_left_link0	openarm_left_link7	intra_or_fixed	0.36455576688990765	0.36455576688990765	false	true
openarm_left_link0	openarm_left_right_finger	intra_or_fixed	0.46974630392765293	0.46974630392765293	false	true
openarm_left_link0	openarm_right_hand	interarm	0.47198163880818544	0.47198163880818544	false	true
openarm_left_link0	openarm_right_left_finger	interarm	0.4935092011483647	0.4935092011483647	false	true
openarm_left_link0	openarm_right_link0	interarm	0.0616947794748829	0.0616947794748829	false	true
openarm_left_link0	openarm_right_link1	interarm	0.12412499691996198	0.12412499691996198	false	true
openarm_left_link0	openarm_right_link2	interarm	0.13394299019492897	0.13394299019492897	false	true
openarm_left_link0	openarm_right_link3	interarm	0.14643038219690319	0.14643038219690319	false	true
openarm_left_link0	openarm_right_link4	interarm	0.1874934741796749	0.1874934741796749	false	true
openarm_left_link0	openarm_right_link5	interarm	0.2880931257882346	0.2880931257882346	false	true
openarm_left_link0	openarm_right_link6	interarm	0.3673200744030879	0.3673200744030879	false	true
openarm_left_link0	openarm_right_link7	interarm	0.40039456264363504	0.40039456264363504	false	true
openarm_left_link0	openarm_right_right_finger	interarm	0.4790926527460586	0.4790926527460586	false	true
openarm_left_link1	openarm_left_link3	intra_or_fixed	0.01311724612958013	0.01311724612958013	false	true
openarm_left_link1	openarm_left_link4	intra_or_fixed	0.13921247789339433	0.13921247789339433	false	true
openarm_left_link1	openarm_left_link5	intra_or_fixed	0.2600837727537144	0.2600837727537144	false	true
openarm_left_link1	openarm_left_link6	intra_or_fixed	0.3476488801529062	0.3476488801529062	false	true
openarm_left_link1	openarm_left_link7	intra_or_fixed	0.35807716807600976	0.35807716807600976	false	true
openarm_left_link1	openarm_left_right_finger	intra_or_fixed	0.47144876757371307	0.47144876757371307	false	true
openarm_left_link1	openarm_right_hand	interarm	0.5019529673660746	0.5019529673660746	false	true
openarm_left_link1	openarm_right_left_finger	interarm	0.5330340575312245	0.5330340575312245	false	true
openarm_left_link1	openarm_right_link0	interarm	0.12412499894315274	0.12412499894315274	false	true
openarm_left_link1	openarm_right_link1	interarm	0.18655508100575588	0.18655508100575588	false	true
openarm_left_link1	openarm_right_link2	interarm	0.19635630009268282	0.19635630009268282	false	true
openarm_left_link1	openarm_right_link3	interarm	0.2100237084058725	0.2100237084058725	false	true
openarm_left_link1	openarm_right_link4	interarm	0.24560815257871843	0.24560815257871843	false	true
openarm_left_link1	openarm_right_link5	interarm	0.3347391615485222	0.3347391615485222	false	true
openarm_left_link1	openarm_right_link6	interarm	0.4095290599432578	0.4095290599432578	false	true
openarm_left_link1	openarm_right_link7	interarm	0.44708186014374834	0.44708186014374834	false	true
openarm_left_link1	openarm_right_right_finger	interarm	0.5148068367823188	0.5148068367823188	false	true
openarm_left_link2	openarm_left_link4	intra_or_fixed	0.12063052376266503	0.12063052376266503	false	true
openarm_left_link2	openarm_left_link5	intra_or_fixed	0.24414449848983058	0.24414449848983058	false	true
openarm_left_link2	openarm_left_link6	intra_or_fixed	0.33197201597311254	0.33197201597311254	false	true
openarm_left_link2	openarm_left_link7	intra_or_fixed	0.34189900481392843	0.34189900481392843	false	true
openarm_left_link2	openarm_left_right_finger	intra_or_fixed	0.4562866260747556	0.4562866260747556	false	true
openarm_left_link2	openarm_right_hand	interarm	0.490545439711147	0.490545439711147	false	true
openarm_left_link2	openarm_right_left_finger	interarm	0.5266941657947918	0.5266941657947918	false	true
openarm_left_link2	openarm_right_link0	interarm	0.13393183135189551	0.13393183135189551	false	true
openarm_left_link2	openarm_right_link1	interarm	0.19634506695241782	0.19634506695241782	false	true
openarm_left_link2	openarm_right_link2	interarm	0.20614621586714674	0.20614621586714674	false	true
openarm_left_link2	openarm_right_link3	interarm	0.22751979838996167	0.22751979838996167	false	true
openarm_left_link2	openarm_right_link4	interarm	0.25549603668618465	0.25549603668618465	false	true
openarm_left_link2	openarm_right_link5	interarm	0.3344518848147234	0.3344518848147234	false	true
openarm_left_link2	openarm_right_link6	interarm	0.4057189784618255	0.4057189784618255	false	true
openarm_left_link2	openarm_right_link7	interarm	0.4459474628303192	0.4459474628303192	false	true
openarm_left_link2	openarm_right_right_finger	interarm	0.5063129148025699	0.5063129148025699	false	true
openarm_left_link3	openarm_left_link5	intra_or_fixed	0.06736493116269635	0.06736493116269635	false	true
openarm_left_link3	openarm_left_link6	intra_or_fixed	0.1557999696879084	0.1557999696879084	false	true
openarm_left_link3	openarm_left_link7	intra_or_fixed	0.16647470731409197	0.16647470731409197	false	true
openarm_left_link3	openarm_left_right_finger	intra_or_fixed	0.2823923466348101	0.2823923466348101	false	true
openarm_left_link3	openarm_right_hand	interarm	0.3245204108179033	0.3245204108179033	false	true
openarm_left_link3	openarm_right_left_finger	interarm	0.37846975559602036	0.37846975559602036	false	true
openarm_left_link3	openarm_right_link0	interarm	0.14625225218393864	0.14625225218393864	false	true
openarm_left_link3	openarm_right_link1	interarm	0.20992073185740803	0.20992073185740803	false	true
openarm_left_link3	openarm_right_link2	interarm	0.22796708046101244	0.22796708046101244	false	true
openarm_left_link3	openarm_right_link3	interarm	0.2292538533508739	0.2292538533508739	false	true
openarm_left_link3	openarm_right_link4	interarm	0.2203197627471366	0.2203197627471366	false	true
openarm_left_link3	openarm_right_link5	interarm	0.23039343374232318	0.23039343374232318	false	true
openarm_left_link3	openarm_right_link6	interarm	0.27502151694232413	0.27502151694232413	false	true
openarm_left_link3	openarm_right_link7	interarm	0.31314813754128623	0.31314813754128623	false	true
openarm_left_link3	openarm_right_right_finger	interarm	0.3503498679934776	0.3503498679934776	false	true
openarm_left_link4	openarm_left_link6	intra_or_fixed	0.08914005742530581	0.08914005742530581	false	true
openarm_left_link4	openarm_left_link7	intra_or_fixed	0.09989582029096793	0.09989582029096793	false	true
openarm_left_link4	openarm_left_right_finger	intra_or_fixed	0.21607322815654942	0.21607322815654942	false	true
openarm_left_link4	openarm_right_hand	interarm	0.26417547086033255	0.26417547086033255	false	true
openarm_left_link4	openarm_right_left_finger	interarm	0.3262930762832272	0.3262930762832272	false	true
openarm_left_link4	openarm_right_link0	interarm	0.1871060692401379	0.1871060692401379	false	true
openarm_left_link4	openarm_right_link1	interarm	0.2452470512631631	0.2452470512631631	false	true
openarm_left_link4	openarm_right_link2	interarm	0.25518209805355246	0.25518209805355246	false	true
openarm_left_link4	openarm_right_link3	interarm	0.22032124462352468	0.22032124462352468	false	true
openarm_left_link4	openarm_right_link4	interarm	0.21112519924344136	0.21112519924344136	false	true
openarm_left_link4	openarm_right_link5	interarm	0.2095114996964888	0.2095114996964888	false	true
openarm_left_link4	openarm_right_link6	interarm	0.2336163677388049	0.2336163677388049	false	true
openarm_left_link4	openarm_right_link7	interarm	0.2641760228148422	0.2641760228148422	false	true
openarm_left_link4	openarm_right_right_finger	interarm	0.29474989200419627	0.29474989200419627	false	true
openarm_left_link5	openarm_left_link7	intra_or_fixed	0.021927910444038544	0.021927910444038544	false	true
openarm_left_link5	openarm_left_right_finger	intra_or_fixed	0.08874829341577252	0.08874829341577252	false	true
openarm_left_link5	openarm_right_hand	interarm	0.2036406704713169	0.2036406704713169	false	true
openarm_left_link5	openarm_right_left_finger	interarm	0.2873552222606991	0.2873552222606991	false	true
openarm_left_link5	openarm_right_link0	interarm	0.28760127003670943	0.28760127003670943	false	true
openarm_left_link5	openarm_right_link1	interarm	0.3342473588594611	0.3342473588594611	false	true
openarm_left_link5	openarm_right_link2	interarm	0.33387184310481843	0.33387184310481843	false	true
openarm_left_link5	openarm_right_link3	interarm	0.2301546828033149	0.2301546828033149	false	true
openarm_left_link5	openarm_right_link4	interarm	0.20950782479848076	0.20950782479848076	false	true
openarm_left_link5	openarm_right_link5	interarm	0.2066275888775082	0.2066275888775082	false	true
openarm_left_link5	openarm_right_link6	interarm	0.21366772247990842	0.21366772247990842	false	true
openarm_left_link5	openarm_right_link7	interarm	0.2348075301820594	0.2348075301820594	false	true
openarm_left_link5	openarm_right_right_finger	interarm	0.24788826255889648	0.24788826255889648	false	true
openarm_left_link6	openarm_left_right_finger	intra_or_fixed	0.07109284398810822	0.07109284398810822	false	true
openarm_left_link6	openarm_right_hand	interarm	0.17370339046662442	0.17370339046662442	false	true
openarm_left_link6	openarm_right_left_finger	interarm	0.25860624996102705	0.25860624996102705	false	true
openarm_left_link6	openarm_right_link0	interarm	0.3668002502253836	0.3668002502253836	false	true
openarm_left_link6	openarm_right_link1	interarm	0.4090004555158558	0.4090004555158558	false	true
openarm_left_link6	openarm_right_link2	interarm	0.40513119437547424	0.40513119437547424	false	true
openarm_left_link6	openarm_right_link3	interarm	0.2742502199394766	0.2742502199394766	false	true
openarm_left_link6	openarm_right_link4	interarm	0.2332014559243506	0.2332014559243506	false	true
openarm_left_link6	openarm_right_link5	interarm	0.21333012917337565	0.21333012917337565	false	true
openarm_left_link6	openarm_right_link6	interarm	0.2005567178990155	0.2005567178990155	false	true
openarm_left_link6	openarm_right_link7	interarm	0.21138870307621782	0.21138870307621782	false	true
openarm_left_link6	openarm_right_right_finger	interarm	0.21893031322203418	0.21893031322203418	false	true
openarm_left_link7	openarm_right_hand	interarm	0.15551171447286624	0.15551171447286624	false	true
openarm_left_link7	openarm_right_left_finger	interarm	0.24842891232181583	0.24842891232181583	false	true
openarm_left_link7	openarm_right_link0	interarm	0.40007126869570797	0.40007126869570797	false	true
openarm_left_link7	openarm_right_link1	interarm	0.44677532155321914	0.44677532155321914	false	true
openarm_left_link7	openarm_right_link2	interarm	0.44551441063835656	0.44551441063835656	false	true
openarm_left_link7	openarm_right_link3	interarm	0.3123762086928993	0.3123762086928993	false	true
openarm_left_link7	openarm_right_link4	interarm	0.263429779266468	0.263429779266468	false	true
openarm_left_link7	openarm_right_link5	interarm	0.23419457754728246	0.23419457754728246	false	true
openarm_left_link7	openarm_right_link6	interarm	0.2108984209053867	0.2108984209053867	false	true
openarm_left_link7	openarm_right_link7	interarm	0.21382572346578016	0.21382572346578016	false	true
openarm_left_link7	openarm_right_right_finger	interarm	0.2068254383838079	0.2068254383838079	false	true
openarm_left_right_finger	openarm_right_hand	interarm	0.18805841521137565	0.18805841521137565	false	true
openarm_left_right_finger	openarm_right_left_finger	interarm	0.2559785533030673	0.2559785533030673	false	true
openarm_left_right_finger	openarm_right_link0	interarm	0.4922936224838448	0.4922936224838448	false	true
openarm_left_right_finger	openarm_right_link1	interarm	0.5321853631248714	0.5321853631248714	false	true
openarm_left_right_finger	openarm_right_link2	interarm	0.5254670205802291	0.5254670205802291	false	true
openarm_left_right_finger	openarm_right_link3	interarm	0.3775261344253197	0.3775261344253197	false	true
openarm_left_right_finger	openarm_right_link4	interarm	0.3253251543505417	0.3253251543505417	false	true
openarm_left_right_finger	openarm_right_link5	interarm	0.2864061692911656	0.2864061692911656	false	true
openarm_left_right_finger	openarm_right_link6	interarm	0.2576678772181795	0.2576678772181795	false	true
openarm_left_right_finger	openarm_right_link7	interarm	0.24863239558995434	0.24863239558995434	false	true
openarm_left_right_finger	openarm_right_right_finger	interarm	0.23370012994128764	0.23370012994128764	false	true
openarm_right_hand	openarm_right_link0	intra_or_fixed	0.45721293476864516	0.45721293476864516	false	true
openarm_right_hand	openarm_right_link1	intra_or_fixed	0.46613886285858713	0.46613886285858713	false	true
openarm_right_hand	openarm_right_link2	intra_or_fixed	0.4509348407586683	0.4509348407586683	false	true
openarm_right_hand	openarm_right_link3	intra_or_fixed	0.276692074832674	0.276692074832674	false	true
openarm_right_hand	openarm_right_link4	intra_or_fixed	0.21041117366112846	0.21041117366112846	false	true
openarm_right_hand	openarm_right_link5	intra_or_fixed	0.08256596276653838	0.08256596276653838	false	true
openarm_right_hand	openarm_right_link6	intra_or_fixed	0.06490955577616507	0.06490955577616507	false	true
openarm_right_left_finger	openarm_right_link0	intra_or_fixed	0.4705766242320875	0.4705766242320875	false	true
openarm_right_left_finger	openarm_right_link1	intra_or_fixed	0.47134961800728137	0.47134961800728137	false	true
openarm_right_left_finger	openarm_right_link2	intra_or_fixed	0.4560830463606566	0.4560830463606566	false	true
openarm_right_left_finger	openarm_right_link3	intra_or_fixed	0.28223905639570945	0.28223905639570945	false	true
openarm_right_left_finger	openarm_right_link4	intra_or_fixed	0.21583623982042807	0.21583623982042807	false	true
openarm_right_left_finger	openarm_right_link5	intra_or_fixed	0.08836510056122415	0.08836510056122415	false	true
openarm_right_left_finger	openarm_right_link6	intra_or_fixed	0.07108502842871924	0.07108502842871924	false	true
openarm_right_link0	openarm_right_link2	intra_or_fixed	0.009426699589688408	0.010835375014411215	true	true
openarm_right_link0	openarm_right_link3	intra_or_fixed	0.02803480878469553	0.02803480878469553	false	true
openarm_right_link0	openarm_right_link4	intra_or_fixed	0.1364818149410986	0.1364818149410986	false	true
openarm_right_link0	openarm_right_link5	intra_or_fixed	0.2593868920037854	0.2593868920037854	false	true
openarm_right_link0	openarm_right_link6	intra_or_fixed	0.34302737649371795	0.34302737649371795	false	true
openarm_right_link0	openarm_right_link7	intra_or_fixed	0.3645672402559634	0.3645672402559634	false	true
openarm_right_link0	openarm_right_right_finger	intra_or_fixed	0.46190134690295254	0.46190134690295254	false	true
openarm_right_link1	openarm_right_link3	intra_or_fixed	0.013101115583841996	0.013101115583841996	false	true
openarm_right_link1	openarm_right_link4	intra_or_fixed	0.13934792340111704	0.13934792340111704	false	true
openarm_right_link1	openarm_right_link5	intra_or_fixed	0.26002500307955095	0.26002500307955095	false	true
openarm_right_link1	openarm_right_link6	intra_or_fixed	0.34767259091253894	0.34767259091253894	false	true
openarm_right_link1	openarm_right_link7	intra_or_fixed	0.3578611766155899	0.3578611766155899	false	true
openarm_right_link1	openarm_right_right_finger	intra_or_fixed	0.47112705624469176	0.47112705624469176	false	true
openarm_right_link2	openarm_right_link4	intra_or_fixed	0.12063330653129986	0.12063330653129986	false	true
openarm_right_link2	openarm_right_link5	intra_or_fixed	0.24424550617672217	0.24424550617672217	false	true
openarm_right_link2	openarm_right_link6	intra_or_fixed	0.33212957476438626	0.33212957476438626	false	true
openarm_right_link2	openarm_right_link7	intra_or_fixed	0.34173054308759315	0.34173054308759315	false	true
openarm_right_link2	openarm_right_right_finger	intra_or_fixed	0.45593772050248355	0.45593772050248355	false	true
openarm_right_link3	openarm_right_link5	intra_or_fixed	0.06736296254444056	0.06736296254444056	false	true
openarm_right_link3	openarm_right_link6	intra_or_fixed	0.15606422817076482	0.15606422817076482	false	true
openarm_right_link3	openarm_right_link7	intra_or_fixed	0.16616517499340547	0.16616517499340547	false	true
openarm_right_link3	openarm_right_right_finger	intra_or_fixed	0.28208694053760686	0.28208694053760686	false	true
openarm_right_link4	openarm_right_link6	intra_or_fixed	0.08929433351204873	0.08929433351204873	false	true
openarm_right_link4	openarm_right_link7	intra_or_fixed	0.09972082120472255	0.09972082120472255	false	true
openarm_right_link4	openarm_right_right_finger	intra_or_fixed	0.21567473723975308	0.21567473723975308	false	true
openarm_right_link5	openarm_right_link7	intra_or_fixed	0.02187798144678948	0.02187798144678948	false	true
openarm_right_link5	openarm_right_right_finger	intra_or_fixed	0.08834767597714765	0.08834767597714765	false	true
openarm_right_link6	openarm_right_right_finger	intra_or_fixed	0.0711133682386653	0.0711133682386653	false	true
